service,waiter,delay_seconds,max_attempts,polled_operation
acm,certificate-validated,60,5,describe-certificate
acm-pca,audit-report-created,3,60,describe-certificate-authority-audit-report
acm-pca,certificate-authority-csr-created,3,60,get-certificate-authority-csr
acm-pca,certificate-issued,1,60,get-certificate
amp,anomaly-detector-active,2,60,describe-anomaly-detector
amp,anomaly-detector-deleted,2,60,describe-anomaly-detector
amp,scraper-active,2,60,describe-scraper
amp,scraper-deleted,2,60,describe-scraper
amp,workspace-active,2,60,describe-workspace
amp,workspace-deleted,2,60,describe-workspace
appconfig,deployment-complete,30,999,get-deployment
appconfig,environment-ready-for-deployment,30,999,get-environment
appstream,fleet-started,30,40,describe-fleets
appstream,fleet-stopped,30,40,describe-fleets
arc-region-switch,plan-evaluation-status-passed,30,5,get-plan-evaluation-status
arc-region-switch,plan-execution-completed,30,5,get-plan-execution
b2bi,transformer-job-succeeded,10,12,get-transformer-job
bedrock-agentcore-control,memory-created,2,60,get-memory
bedrock-agentcore-control,policy-active,2,60,get-policy
bedrock-agentcore-control,policy-deleted,2,60,get-policy
bedrock-agentcore-control,policy-engine-active,2,60,get-policy-engine
bedrock-agentcore-control,policy-engine-deleted,2,60,get-policy-engine
bedrock-agentcore-control,policy-generation-completed,2,60,get-policy-generation
cloudcontrol,resource-request-success,5,24,get-resource-request-status
cloudformation,change-set-create-complete,30,120,describe-change-set
cloudformation,stack-create-complete,30,120,describe-stacks
cloudformation,stack-delete-complete,30,120,describe-stacks
cloudformation,stack-exists,5,20,describe-stacks
cloudformation,stack-import-complete,30,120,describe-stacks
cloudformation,stack-refactor-create-complete,5,120,describe-stack-refactor
cloudformation,stack-refactor-execute-complete,15,120,describe-stack-refactor
cloudformation,stack-rollback-complete,30,120,describe-stacks
cloudformation,stack-update-complete,30,120,describe-stacks
cloudformation,type-registration-complete,30,120,describe-type-registration
cloudfront,distribution-deployed,60,35,get-distribution
cloudfront,invalidation-completed,20,30,get-invalidation
cloudfront,invalidation-for-distribution-tenant-completed,20,30,get-invalidation-for-distribution-tenant
cloudfront,streaming-distribution-deployed,60,25,get-streaming-distribution
cloudwatch,alarm-exists,5,40,describe-alarms
cloudwatch,composite-alarm-exists,5,40,describe-alarms
codedeploy,deployment-successful,15,120,get-deployment
codeguru-reviewer,code-review-completed,10,180,describe-code-review
codeguru-reviewer,repository-association-succeeded,10,30,describe-repository-association
deadline,fleet-active,5,180,get-fleet
deadline,job-create-complete,1,120,get-job
deadline,license-endpoint-deleted,10,234,get-license-endpoint
deadline,license-endpoint-valid,10,114,get-license-endpoint
deadline,queue-fleet-association-stopped,10,60,get-queue-fleet-association
deadline,queue-limit-association-stopped,10,60,get-queue-limit-association
deadline,queue-scheduling,10,70,get-queue
deadline,queue-scheduling-blocked,10,30,get-queue
dms,endpoint-deleted,5,60,describe-endpoints
dms,replication-instance-available,60,60,describe-replication-instances
dms,replication-instance-deleted,15,60,describe-replication-instances
dms,replication-task-deleted,15,60,describe-replication-tasks
dms,replication-task-ready,15,60,describe-replication-tasks
dms,replication-task-running,15,60,describe-replication-tasks
dms,replication-task-stopped,15,60,describe-replication-tasks
dms,test-connection-succeeds,5,60,describe-connections
docdb,db-instance-available,30,60,describe-db-instances
docdb,db-instance-deleted,30,60,describe-db-instances
ds,hybrid-ad-updated,120,60,describe-hybrid-ad-update
dsql,cluster-active,2,60,get-cluster
dsql,cluster-not-exists,2,60,get-cluster
dynamodb,table-exists,20,25,describe-table
dynamodb,table-not-exists,20,25,describe-table
ec2,bundle-task-complete,15,40,describe-bundle-tasks
ec2,conversion-task-cancelled,15,40,describe-conversion-tasks
ec2,conversion-task-completed,15,40,describe-conversion-tasks
ec2,conversion-task-deleted,15,40,describe-conversion-tasks
ec2,customer-gateway-available,15,40,describe-customer-gateways
ec2,export-task-cancelled,15,40,describe-export-tasks
ec2,export-task-completed,15,40,describe-export-tasks
ec2,image-available,15,40,describe-images
ec2,image-exists,15,40,describe-images
ec2,image-usage-report-available,15,40,describe-image-usage-reports
ec2,instance-exists,5,40,describe-instances
ec2,instance-running,15,40,describe-instances
ec2,instance-status-ok,15,40,describe-instance-status
ec2,instance-stopped,15,40,describe-instances
ec2,instance-terminated,15,40,describe-instances
ec2,internet-gateway-exists,5,6,describe-internet-gateways
ec2,key-pair-exists,5,6,describe-key-pairs
ec2,nat-gateway-available,15,40,describe-nat-gateways
ec2,nat-gateway-deleted,15,40,describe-nat-gateways
ec2,network-interface-available,20,10,describe-network-interfaces
ec2,password-data-available,15,40,get-password-data
ec2,security-group-exists,5,6,describe-security-groups
ec2,security-group-vpc-association-associated,10,7,describe-security-group-vpc-associations
ec2,security-group-vpc-association-disassociated,10,7,describe-security-group-vpc-associations
ec2,snapshot-completed,15,40,describe-snapshots
ec2,snapshot-imported,15,40,describe-import-snapshot-tasks
ec2,spot-instance-request-fulfilled,15,40,describe-spot-instance-requests
ec2,store-image-task-complete,5,40,describe-store-image-tasks
ec2,subnet-available,15,40,describe-subnets
ec2,system-status-ok,15,40,describe-instance-status
ec2,volume-available,15,40,describe-volumes
ec2,volume-deleted,15,40,describe-volumes
ec2,volume-in-use,15,40,describe-volumes
ec2,vpc-available,15,40,describe-vpcs
ec2,vpc-exists,1,5,describe-vpcs
ec2,vpc-peering-connection-deleted,15,40,describe-vpc-peering-connections
ec2,vpc-peering-connection-exists,15,40,describe-vpc-peering-connections
ec2,vpn-connection-available,15,40,describe-vpn-connections
ec2,vpn-connection-deleted,15,40,describe-vpn-connections
ecr,image-scan-complete,5,60,describe-image-scan-findings
ecr,lifecycle-policy-preview-complete,5,20,get-lifecycle-policy-preview
ecs,services-inactive,15,40,describe-services
ecs,services-stable,15,40,describe-services
ecs,tasks-running,6,100,describe-tasks
ecs,tasks-stopped,6,100,describe-tasks
eks,addon-active,10,60,describe-addon
eks,addon-deleted,10,60,describe-addon
eks,cluster-active,30,40,describe-cluster
eks,cluster-deleted,30,40,describe-cluster
eks,fargate-profile-active,10,60,describe-fargate-profile
eks,fargate-profile-deleted,30,60,describe-fargate-profile
eks,nodegroup-active,30,80,describe-nodegroup
eks,nodegroup-deleted,30,40,describe-nodegroup
elasticache,cache-cluster-available,15,40,describe-cache-clusters
elasticache,cache-cluster-deleted,15,40,describe-cache-clusters
elasticache,replication-group-available,15,40,describe-replication-groups
elasticache,replication-group-deleted,15,40,describe-replication-groups
elasticbeanstalk,environment-exists,20,20,describe-environments
elasticbeanstalk,environment-terminated,20,20,describe-environments
elasticbeanstalk,environment-updated,20,20,describe-environments
elastictranscoder,job-complete,30,120,read-job
elb,any-instance-in-service,15,40,describe-instance-health
elb,instance-deregistered,15,40,describe-instance-health
elb,instance-in-service,15,40,describe-instance-health
elbv2,load-balancer-available,15,40,describe-load-balancers
elbv2,load-balancer-exists,15,40,describe-load-balancers
elbv2,load-balancers-deleted,15,40,describe-load-balancers
elbv2,target-deregistered,15,40,describe-target-health
elbv2,target-in-service,15,40,describe-target-health
emr,cluster-running,30,60,describe-cluster
emr,cluster-terminated,30,60,describe-cluster
emr,step-complete,30,60,describe-step
gameliftstreams,application-deleted,2,60,get-application
gameliftstreams,application-ready,2,60,get-application
gameliftstreams,stream-group-active,30,120,get-stream-group
gameliftstreams,stream-group-deleted,30,60,get-stream-group
gameliftstreams,stream-session-active,2,60,get-stream-session
glacier,vault-exists,3,15,describe-vault
glacier,vault-not-exists,3,15,describe-vault
groundstation,contact-scheduled,5,180,describe-contact
healthlake,fhir-datastore-active,60,360,describe-fhir-datastore
healthlake,fhir-datastore-deleted,120,360,describe-fhir-datastore
healthlake,fhir-export-job-completed,120,360,describe-fhir-export-job
healthlake,fhir-import-job-completed,120,720,describe-fhir-import-job
iam,instance-profile-exists,1,40,get-instance-profile
iam,policy-exists,1,20,get-policy
iam,role-exists,1,20,get-role
iam,user-exists,1,20,get-user
iotsitewise,asset-active,3,20,describe-asset
iotsitewise,asset-model-active,3,20,describe-asset-model
iotsitewise,asset-model-not-exists,3,20,describe-asset-model
iotsitewise,asset-not-exists,3,20,describe-asset
iotsitewise,portal-active,3,20,describe-portal
iotsitewise,portal-not-exists,3,20,describe-portal
kinesis,stream-exists,10,18,describe-stream
kinesis,stream-not-exists,10,18,describe-stream
lambda,function-active,5,60,get-function-configuration
lambda,function-active-v2,1,300,get-function
lambda,function-exists,1,20,get-function
lambda,function-updated,5,60,get-function-configuration
lambda,function-updated-v2,1,300,get-function
lambda,published-version-active,5,312,get-function-configuration
lexv2-models,bot-alias-available,10,35,describe-bot-alias
lexv2-models,bot-available,10,35,describe-bot
lexv2-models,bot-export-completed,10,35,describe-export
lexv2-models,bot-import-completed,10,35,describe-import
lexv2-models,bot-locale-built,10,35,describe-bot-locale
lexv2-models,bot-locale-created,10,35,describe-bot-locale
lexv2-models,bot-locale-express-testing-available,10,35,describe-bot-locale
lexv2-models,bot-version-available,10,35,describe-bot-version
machinelearning,batch-prediction-available,30,60,describe-batch-predictions
machinelearning,data-source-available,30,60,describe-data-sources
machinelearning,evaluation-available,30,60,describe-evaluations
machinelearning,ml-model-available,30,60,describe-ml-models
macie2,finding-revealed,2,60,get-sensitive-data-occurrences
mediaconnect,flow-active,3,40,describe-flow
mediaconnect,flow-deleted,3,40,describe-flow
mediaconnect,flow-standby,3,40,describe-flow
mediaconnect,input-active,3,40,get-router-input
mediaconnect,input-deleted,3,40,get-router-input
mediaconnect,input-standby,3,40,get-router-input
mediaconnect,output-active,3,40,get-router-output
mediaconnect,output-deleted,3,40,get-router-output
mediaconnect,output-routed,3,40,get-router-output
mediaconnect,output-standby,3,40,get-router-output
medialive,channel-created,3,5,describe-channel
medialive,channel-deleted,5,84,describe-channel
medialive,channel-placement-group-assigned,3,5,describe-channel-placement-group
medialive,channel-placement-group-deleted,5,20,describe-channel-placement-group
medialive,channel-placement-group-unassigned,5,20,describe-channel-placement-group
medialive,channel-running,5,120,describe-channel
medialive,channel-stopped,5,60,describe-channel
medialive,cluster-created,3,5,describe-cluster
medialive,cluster-deleted,5,20,describe-cluster
medialive,input-attached,5,20,describe-input
medialive,input-deleted,5,20,describe-input
medialive,input-detached,5,84,describe-input
medialive,multiplex-created,3,5,describe-multiplex
medialive,multiplex-deleted,5,20,describe-multiplex
medialive,multiplex-running,5,120,describe-multiplex
medialive,multiplex-stopped,5,28,describe-multiplex
medialive,node-deregistered,5,20,describe-node
medialive,node-registered,3,5,describe-node
medialive,signal-map-created,5,60,get-signal-map
medialive,signal-map-monitor-deleted,5,120,get-signal-map
medialive,signal-map-monitor-deployed,5,120,get-signal-map
medialive,signal-map-updated,5,60,get-signal-map
mediapackagev2,harvest-job-finished,2,60,get-harvest-job
neptune,db-instance-available,30,60,describe-db-instances
neptune,db-instance-deleted,30,60,describe-db-instances
neptune-graph,export-task-cancelled,60,60,get-export-task
neptune-graph,export-task-successful,60,480,get-export-task
neptune-graph,graph-available,60,480,get-graph
neptune-graph,graph-deleted,60,60,get-graph
neptune-graph,graph-snapshot-available,60,120,get-graph-snapshot
neptune-graph,graph-snapshot-deleted,60,60,get-graph-snapshot
neptune-graph,graph-stopped,20,90,get-graph
neptune-graph,import-task-cancelled,60,60,get-import-task
neptune-graph,import-task-successful,60,480,get-import-task
neptune-graph,private-graph-endpoint-available,10,180,get-private-graph-endpoint
neptune-graph,private-graph-endpoint-deleted,10,180,get-private-graph-endpoint
omics,annotation-import-job-created,30,20,get-annotation-import-job
omics,annotation-store-created,30,20,get-annotation-store
omics,annotation-store-deleted,30,20,get-annotation-store
omics,annotation-store-version-created,30,20,get-annotation-store-version
omics,annotation-store-version-deleted,30,20,get-annotation-store-version
omics,read-set-activation-job-completed,30,20,get-read-set-activation-job
omics,read-set-export-job-completed,30,20,get-read-set-export-job
omics,read-set-import-job-completed,30,20,get-read-set-import-job
omics,reference-import-job-completed,30,20,get-reference-import-job
omics,run-completed,30,20,get-run
omics,run-running,30,20,get-run
omics,task-completed,30,20,get-run-task
omics,task-running,30,20,get-run-task
omics,variant-import-job-created,30,20,get-variant-import-job
omics,variant-store-created,30,20,get-variant-store
omics,variant-store-deleted,30,20,get-variant-store
omics,workflow-active,3,10,get-workflow
omics,workflow-version-active,3,10,get-workflow-version
proton,component-deleted,5,999,get-component
proton,component-deployed,5,999,get-component
proton,environment-deployed,5,999,get-environment
proton,environment-template-version-registered,2,150,get-environment-template-version
proton,service-created,5,999,get-service
proton,service-deleted,5,999,get-service
proton,service-instance-deployed,5,999,get-service-instance
proton,service-pipeline-deployed,10,360,get-service
proton,service-template-version-registered,2,150,get-service-template-version
proton,service-updated,5,999,get-service
rds,db-cluster-available,30,60,describe-db-clusters
rds,db-cluster-deleted,30,60,describe-db-clusters
rds,db-cluster-snapshot-available,30,60,describe-db-cluster-snapshots
rds,db-cluster-snapshot-deleted,30,60,describe-db-cluster-snapshots
rds,db-instance-available,30,60,describe-db-instances
rds,db-instance-deleted,30,60,describe-db-instances
rds,db-snapshot-available,30,60,describe-db-snapshots
rds,db-snapshot-completed,15,40,describe-db-snapshots
rds,db-snapshot-deleted,30,60,describe-db-snapshots
rds,tenant-database-available,30,60,describe-tenant-databases
rds,tenant-database-deleted,30,60,describe-tenant-databases
redshift,cluster-available,60,30,describe-clusters
redshift,cluster-deleted,60,30,describe-clusters
redshift,cluster-restored,60,30,describe-clusters
redshift,snapshot-available,15,20,describe-cluster-snapshots
rekognition,project-version-running,30,40,describe-project-versions
rekognition,project-version-training-completed,120,360,describe-project-versions
repostspace,channel-created,2,60,get-channel
repostspace,channel-deleted,2,60,get-channel
repostspace,space-created,300,24,get-space
repostspace,space-deleted,300,24,get-space
route53,resource-record-sets-changed,30,60,get-change
route53-recovery-control-config,cluster-created,5,26,describe-cluster
route53-recovery-control-config,cluster-deleted,5,26,describe-cluster
route53-recovery-control-config,control-panel-created,5,26,describe-control-panel
route53-recovery-control-config,control-panel-deleted,5,26,describe-control-panel
route53-recovery-control-config,routing-control-created,5,26,describe-routing-control
route53-recovery-control-config,routing-control-deleted,5,26,describe-routing-control
rtbfabric,inbound-external-link-active,30,5,get-inbound-external-link
rtbfabric,link-accepted,30,5,get-link
rtbfabric,link-active,30,5,get-link
rtbfabric,outbound-external-link-active,30,5,get-outbound-external-link
rtbfabric,requester-gateway-active,30,5,get-requester-gateway
rtbfabric,requester-gateway-deleted,30,5,get-requester-gateway
rtbfabric,responder-gateway-active,30,5,get-responder-gateway
rtbfabric,responder-gateway-deleted,30,5,get-responder-gateway
s3api,bucket-exists,5,20,head-bucket
s3api,bucket-not-exists,5,20,head-bucket
s3api,object-exists,5,20,head-object
s3api,object-not-exists,5,20,head-object
sagemaker,endpoint-deleted,30,60,describe-endpoint
sagemaker,endpoint-in-service,30,120,describe-endpoint
sagemaker,image-created,60,60,describe-image
sagemaker,image-deleted,60,60,describe-image
sagemaker,image-updated,60,60,describe-image
sagemaker,image-version-created,60,60,describe-image-version
sagemaker,image-version-deleted,60,60,describe-image-version
sagemaker,notebook-instance-deleted,30,60,describe-notebook-instance
sagemaker,notebook-instance-in-service,30,60,describe-notebook-instance
sagemaker,notebook-instance-stopped,30,60,describe-notebook-instance
sagemaker,processing-job-completed-or-stopped,60,60,describe-processing-job
sagemaker,training-job-completed-or-stopped,120,180,describe-training-job
sagemaker,transform-job-completed-or-stopped,60,60,describe-transform-job
schemas,code-binding-exists,2,30,describe-code-binding
ses,identity-exists,3,20,get-identity-verification-attributes
signer,successful-signing-job,20,25,describe-signing-job
ssm,command-executed,5,20,get-command-invocation
ssm-incidents,wait-for-replication-set-active,30,5,get-replication-set
ssm-incidents,wait-for-replication-set-deleted,30,5,get-replication-set
transfer,server-offline,30,120,describe-server
transfer,server-online,30,120,describe-server
